id,value
源IP,0
源IP.Telnet,1
源IP.Telnet.cluster,2
源IP.Telnet.cluster,2
源IP.Telnet.cluster,2
源IP.Telnet.cluster,2
源IP.Telnet.graph,2
源IP.Telnet.graph,2
源IP.Telnet.graph,2
源IP.Telnet.graph,2
源IP.Telnet.graph,2
源IP.Telnet.optimization,2
源IP.RDP,1
源IP.RDP.Easing,2
源IP.RDP.FunctionSequence,2
源IP.RDP.interpolate,2 
源IP.RDP.ISchedulable,2
源IP.RDP.Parallel,2
源IP.RDP.Pause,2
源IP.RDP.Scheduler,2
源IP.RDP.Sequence,2
源IP.RDP.Transition,2
源IP.RDP.Transitioner,2
源IP.RDP.TransitionEvent,2
源IP.RDP.Tween,2
源IP.HTTP,1
源IP.HTTP.converters,2
源IP.HTTP.converters,2
源IP.HTTP.converters,2
源IP.HTTP.converters,2
源IP.HTTP.converters,2
源IP.HTTP.HTTPField,2
源IP.HTTP.HTTPSchema,2
源IP.HTTP.HTTPSet,2
源IP.HTTP.HTTPSource,2
源IP.HTTP.HTTPTable,2
源IP.HTTP.HTTPUtil,2
源IP.mySQL,1
源IP.mySQL.DirtySprite,2
源IP.mySQL.LineSprite,2
源IP.mySQL.RectSprite,2
源IP.mySQL.TextSprite,2
源IP.MsSQL,1
源IP.MsSQL.FlareVis,2
源IP.HTTP_Content,1
源IP.HTTP_Content.DragForce,2
源IP.HTTP_Content.GravityForce,2
源IP.HTTP_Content.IForce,2
源IP.HTTP_Content.NBodyForce,2
源IP.HTTP_Content.Particle,2
源IP.HTTP_Content.Simulation,2
源IP.HTTP_Content.Spring,2
源IP.HTTP_Content.SpringForce,2
源IP.LDAP,1
源IP.LDAP.AggregateExpression,2
源IP.LDAP.And,2
源IP.LDAP.Arithmetic,2
源IP.LDAP.Average,2
源IP.LDAP.BinaryExpression,2
源IP.LDAP.Comparison,2
源IP.LDAP.CompositeExpression,2
源IP.LDAP.Count,2
源IP.LDAP.DateUtil,2
源IP.LDAP.Distinct,2
源IP.LDAP.Expression,2
源IP.LDAP.ExpressionIterator,2
源IP.LDAP.Fn,2
源IP.LDAP.If,2
源IP.LDAP.IsA,2
源IP.LDAP.Literal,2
源IP.LDAP.Match,2
源IP.LDAP.Maximum,2
源IP.LDAP.add,2
源IP.LDAP.and,2
源IP.LDAP.average,2
源IP.LDAP.count,2
源IP.LDAP.distinct,2
源IP.LDAP.div,2
源IP.LDAP.eq,2
源IP.LDAP.fn,2
源IP.LDAP.gt,2
源IP.LDAP.gte,2
源IP.LDAP.iff,2
源IP.LDAP.isa,2
